PULocationID,PUTimeDate,PUTimeBin,PUNum
230,2018-03-01 00:00:00,2832,279
230,2018-03-01 00:30:00,2833,199
230,2018-03-01 01:00:00,2834,129
230,2018-03-01 01:30:00,2835,97
230,2018-03-01 02:00:00,2836,85
230,2018-03-01 02:30:00,2837,48
230,2018-03-01 03:00:00,2838,56
230,2018-03-01 03:30:00,2839,63
230,2018-03-01 04:00:00,2840,55
230,2018-03-01 04:30:00,2841,37
230,2018-03-01 05:00:00,2842,35
230,2018-03-01 05:30:00,2843,57
230,2018-03-01 06:00:00,2844,79
230,2018-03-01 06:30:00,2845,93
230,2018-03-01 07:00:00,2846,127
230,2018-03-01 07:30:00,2847,171
230,2018-03-01 08:00:00,2848,185
230,2018-03-01 08:30:00,2849,177
230,2018-03-01 09:00:00,2850,173
230,2018-03-01 09:30:00,2851,190
230,2018-03-01 10:00:00,2852,174
230,2018-03-01 10:30:00,2853,195
230,2018-03-01 11:00:00,2854,218
230,2018-03-01 11:30:00,2855,237
230,2018-03-01 12:00:00,2856,224
230,2018-03-01 12:30:00,2857,220
230,2018-03-01 13:00:00,2858,187
230,2018-03-01 13:30:00,2859,266
230,2018-03-01 14:00:00,2860,274
230,2018-03-01 14:30:00,2861,244
230,2018-03-01 15:00:00,2862,250
230,2018-03-01 15:30:00,2863,248
230,2018-03-01 16:00:00,2864,195
230,2018-03-01 16:30:00,2865,226
230,2018-03-01 17:00:00,2866,258
230,2018-03-01 17:30:00,2867,314
230,2018-03-01 18:00:00,2868,405
230,2018-03-01 18:30:00,2869,416
230,2018-03-01 19:00:00,2870,391
230,2018-03-01 19:30:00,2871,354
230,2018-03-01 20:00:00,2872,409
230,2018-03-01 20:30:00,2873,461
230,2018-03-01 21:00:00,2874,421
230,2018-03-01 21:30:00,2875,327
230,2018-03-01 22:00:00,2876,219
230,2018-03-01 22:30:00,2877,460
230,2018-03-01 23:00:00,2878,545
230,2018-03-01 23:30:00,2879,394
230,2018-03-02 00:00:00,2880,336
230,2018-03-02 00:30:00,2881,188
230,2018-03-02 01:00:00,2882,155
230,2018-03-02 01:30:00,2883,123
230,2018-03-02 02:00:00,2884,105
230,2018-03-02 02:30:00,2885,68
230,2018-03-02 03:00:00,2886,60
230,2018-03-02 03:30:00,2887,60
230,2018-03-02 04:00:00,2888,84
230,2018-03-02 04:30:00,2889,51
230,2018-03-02 05:00:00,2890,50
230,2018-03-02 05:30:00,2891,59
230,2018-03-02 06:00:00,2892,64
230,2018-03-02 06:30:00,2893,84
230,2018-03-02 07:00:00,2894,127
230,2018-03-02 07:30:00,2895,190
230,2018-03-02 08:00:00,2896,177
230,2018-03-02 08:30:00,2897,216
230,2018-03-02 09:00:00,2898,197
230,2018-03-02 09:30:00,2899,224
230,2018-03-02 10:00:00,2900,231
230,2018-03-02 10:30:00,2901,307
230,2018-03-02 11:00:00,2902,317
230,2018-03-02 11:30:00,2903,313
230,2018-03-02 12:00:00,2904,351
230,2018-03-02 12:30:00,2905,268
230,2018-03-02 13:00:00,2906,289
230,2018-03-02 13:30:00,2907,331
230,2018-03-02 14:00:00,2908,316
230,2018-03-02 14:30:00,2909,302
230,2018-03-02 15:00:00,2910,309
230,2018-03-02 15:30:00,2911,277
230,2018-03-02 16:00:00,2912,297
230,2018-03-02 16:30:00,2913,279
230,2018-03-02 17:00:00,2914,357
230,2018-03-02 17:30:00,2915,423
230,2018-03-02 18:00:00,2916,477
230,2018-03-02 18:30:00,2917,497
230,2018-03-02 19:00:00,2918,443
230,2018-03-02 19:30:00,2919,384
230,2018-03-02 20:00:00,2920,287
230,2018-03-02 20:30:00,2921,303
230,2018-03-02 21:00:00,2922,341
230,2018-03-02 21:30:00,2923,366
230,2018-03-02 22:00:00,2924,503
230,2018-03-02 22:30:00,2925,624
230,2018-03-02 23:00:00,2926,525
230,2018-03-02 23:30:00,2927,551
230,2018-03-03 00:00:00,2928,364
230,2018-03-03 00:30:00,2929,248
230,2018-03-03 01:00:00,2930,167
230,2018-03-03 01:30:00,2931,123
230,2018-03-03 02:00:00,2932,124
230,2018-03-03 02:30:00,2933,123
230,2018-03-03 03:00:00,2934,82
230,2018-03-03 03:30:00,2935,68
230,2018-03-03 04:00:00,2936,91
230,2018-03-03 04:30:00,2937,55
230,2018-03-03 05:00:00,2938,39
230,2018-03-03 05:30:00,2939,44
230,2018-03-03 06:00:00,2940,49
230,2018-03-03 06:30:00,2941,57
230,2018-03-03 07:00:00,2942,73
230,2018-03-03 07:30:00,2943,99
230,2018-03-03 08:00:00,2944,105
230,2018-03-03 08:30:00,2945,109
230,2018-03-03 09:00:00,2946,141
230,2018-03-03 09:30:00,2947,147
230,2018-03-03 10:00:00,2948,174
230,2018-03-03 10:30:00,2949,201
230,2018-03-03 11:00:00,2950,201
230,2018-03-03 11:30:00,2951,229
230,2018-03-03 12:00:00,2952,231
230,2018-03-03 12:30:00,2953,214
230,2018-03-03 13:00:00,2954,202
230,2018-03-03 13:30:00,2955,204
230,2018-03-03 14:00:00,2956,172
230,2018-03-03 14:30:00,2957,185
230,2018-03-03 15:00:00,2958,212
230,2018-03-03 15:30:00,2959,237
230,2018-03-03 16:00:00,2960,252
230,2018-03-03 16:30:00,2961,250
230,2018-03-03 17:00:00,2962,235
230,2018-03-03 17:30:00,2963,273
230,2018-03-03 18:00:00,2964,280
230,2018-03-03 18:30:00,2965,289
230,2018-03-03 19:00:00,2966,302
230,2018-03-03 19:30:00,2967,275
230,2018-03-03 20:00:00,2968,239
230,2018-03-03 20:30:00,2969,240
230,2018-03-03 21:00:00,2970,283
230,2018-03-03 21:30:00,2971,388
230,2018-03-03 22:00:00,2972,437
230,2018-03-03 22:30:00,2973,561
230,2018-03-03 23:00:00,2974,520
230,2018-03-03 23:30:00,2975,393
230,2018-03-04 00:00:00,2976,422
230,2018-03-04 00:30:00,2977,298
230,2018-03-04 01:00:00,2978,240
230,2018-03-04 01:30:00,2979,173
230,2018-03-04 02:00:00,2980,166
230,2018-03-04 02:30:00,2981,167
230,2018-03-04 03:00:00,2982,119
230,2018-03-04 03:30:00,2983,151
230,2018-03-04 04:00:00,2984,148
230,2018-03-04 04:30:00,2985,86
230,2018-03-04 05:00:00,2986,60
230,2018-03-04 05:30:00,2987,47
230,2018-03-04 06:00:00,2988,48
230,2018-03-04 06:30:00,2989,61
230,2018-03-04 07:00:00,2990,84
230,2018-03-04 07:30:00,2991,86
230,2018-03-04 08:00:00,2992,127
230,2018-03-04 08:30:00,2993,156
230,2018-03-04 09:00:00,2994,150
230,2018-03-04 09:30:00,2995,186
230,2018-03-04 10:00:00,2996,182
230,2018-03-04 10:30:00,2997,195
230,2018-03-04 11:00:00,2998,219
230,2018-03-04 11:30:00,2999,233
230,2018-03-04 12:00:00,3000,230
230,2018-03-04 12:30:00,3001,221
230,2018-03-04 13:00:00,3002,207
230,2018-03-04 13:30:00,3003,208
230,2018-03-04 14:00:00,3004,205
230,2018-03-04 14:30:00,3005,204
230,2018-03-04 15:00:00,3006,213
230,2018-03-04 15:30:00,3007,237
230,2018-03-04 16:00:00,3008,212
230,2018-03-04 16:30:00,3009,302
230,2018-03-04 17:00:00,3010,281
230,2018-03-04 17:30:00,3011,354
230,2018-03-04 18:00:00,3012,299
230,2018-03-04 18:30:00,3013,313
230,2018-03-04 19:00:00,3014,280
230,2018-03-04 19:30:00,3015,253
230,2018-03-04 20:00:00,3016,218
230,2018-03-04 20:30:00,3017,224
230,2018-03-04 21:00:00,3018,305
230,2018-03-04 21:30:00,3019,327
230,2018-03-04 22:00:00,3020,311
230,2018-03-04 22:30:00,3021,264
230,2018-03-04 23:00:00,3022,199
230,2018-03-04 23:30:00,3023,157
230,2018-03-05 00:00:00,3024,129
230,2018-03-05 00:30:00,3025,86
230,2018-03-05 01:00:00,3026,67
230,2018-03-05 01:30:00,3027,58
230,2018-03-05 02:00:00,3028,33
230,2018-03-05 02:30:00,3029,44
230,2018-03-05 03:00:00,3030,48
230,2018-03-05 03:30:00,3031,48
230,2018-03-05 04:00:00,3032,58
230,2018-03-05 04:30:00,3033,31
230,2018-03-05 05:00:00,3034,19
230,2018-03-05 05:30:00,3035,51
230,2018-03-05 06:00:00,3036,50
230,2018-03-05 06:30:00,3037,71
230,2018-03-05 07:00:00,3038,106
230,2018-03-05 07:30:00,3039,137
230,2018-03-05 08:00:00,3040,149
230,2018-03-05 08:30:00,3041,195
230,2018-03-05 09:00:00,3042,199
230,2018-03-05 09:30:00,3043,215
230,2018-03-05 10:00:00,3044,218
230,2018-03-05 10:30:00,3045,242
230,2018-03-05 11:00:00,3046,214
230,2018-03-05 11:30:00,3047,224
230,2018-03-05 12:00:00,3048,223
230,2018-03-05 12:30:00,3049,179
230,2018-03-05 13:00:00,3050,164
230,2018-03-05 13:30:00,3051,184
230,2018-03-05 14:00:00,3052,156
230,2018-03-05 14:30:00,3053,175
230,2018-03-05 15:00:00,3054,197
230,2018-03-05 15:30:00,3055,209
230,2018-03-05 16:00:00,3056,196
230,2018-03-05 16:30:00,3057,193
230,2018-03-05 17:00:00,3058,277
230,2018-03-05 17:30:00,3059,367
230,2018-03-05 18:00:00,3060,415
230,2018-03-05 18:30:00,3061,405
230,2018-03-05 19:00:00,3062,367
230,2018-03-05 19:30:00,3063,340
230,2018-03-05 20:00:00,3064,358
230,2018-03-05 20:30:00,3065,395
230,2018-03-05 21:00:00,3066,426
230,2018-03-05 21:30:00,3067,417
230,2018-03-05 22:00:00,3068,432
230,2018-03-05 22:30:00,3069,436
230,2018-03-05 23:00:00,3070,348
230,2018-03-05 23:30:00,3071,245
230,2018-03-06 00:00:00,3072,199
230,2018-03-06 00:30:00,3073,139
230,2018-03-06 01:00:00,3074,114
230,2018-03-06 01:30:00,3075,66
230,2018-03-06 02:00:00,3076,62
230,2018-03-06 02:30:00,3077,44
230,2018-03-06 03:00:00,3078,55
230,2018-03-06 03:30:00,3079,35
230,2018-03-06 04:00:00,3080,51
230,2018-03-06 04:30:00,3081,41
230,2018-03-06 05:00:00,3082,26
230,2018-03-06 05:30:00,3083,51
230,2018-03-06 06:00:00,3084,56
230,2018-03-06 06:30:00,3085,89
230,2018-03-06 07:00:00,3086,112
230,2018-03-06 07:30:00,3087,144
230,2018-03-06 08:00:00,3088,190
230,2018-03-06 08:30:00,3089,220
230,2018-03-06 09:00:00,3090,197
230,2018-03-06 09:30:00,3091,190
230,2018-03-06 10:00:00,3092,177
230,2018-03-06 10:30:00,3093,237
230,2018-03-06 11:00:00,3094,228
230,2018-03-06 11:30:00,3095,258
230,2018-03-06 12:00:00,3096,262
230,2018-03-06 12:30:00,3097,223
230,2018-03-06 13:00:00,3098,214
230,2018-03-06 13:30:00,3099,227
230,2018-03-06 14:00:00,3100,233
230,2018-03-06 14:30:00,3101,291
230,2018-03-06 15:00:00,3102,268
230,2018-03-06 15:30:00,3103,230
230,2018-03-06 16:00:00,3104,238
230,2018-03-06 16:30:00,3105,230
230,2018-03-06 17:00:00,3106,277
230,2018-03-06 17:30:00,3107,368
230,2018-03-06 18:00:00,3108,359
230,2018-03-06 18:30:00,3109,384
230,2018-03-06 19:00:00,3110,373
230,2018-03-06 19:30:00,3111,374
230,2018-03-06 20:00:00,3112,412
230,2018-03-06 20:30:00,3113,488
230,2018-03-06 21:00:00,3114,484
230,2018-03-06 21:30:00,3115,512
230,2018-03-06 22:00:00,3116,501
230,2018-03-06 22:30:00,3117,631
230,2018-03-06 23:00:00,3118,383
230,2018-03-06 23:30:00,3119,264
230,2018-03-07 00:00:00,3120,250
230,2018-03-07 00:30:00,3121,158
230,2018-03-07 01:00:00,3122,111
230,2018-03-07 01:30:00,3123,111
230,2018-03-07 02:00:00,3124,72
230,2018-03-07 02:30:00,3125,59
230,2018-03-07 03:00:00,3126,49
230,2018-03-07 03:30:00,3127,47
230,2018-03-07 04:00:00,3128,59
230,2018-03-07 04:30:00,3129,46
230,2018-03-07 05:00:00,3130,28
230,2018-03-07 05:30:00,3131,55
230,2018-03-07 06:00:00,3132,66
230,2018-03-07 06:30:00,3133,72
230,2018-03-07 07:00:00,3134,132
230,2018-03-07 07:30:00,3135,125
230,2018-03-07 08:00:00,3136,126
230,2018-03-07 08:30:00,3137,152
230,2018-03-07 09:00:00,3138,182
230,2018-03-07 09:30:00,3139,201
230,2018-03-07 10:00:00,3140,191
230,2018-03-07 10:30:00,3141,205
230,2018-03-07 11:00:00,3142,199
230,2018-03-07 11:30:00,3143,248
230,2018-03-07 12:00:00,3144,254
230,2018-03-07 12:30:00,3145,226
230,2018-03-07 13:00:00,3146,283
230,2018-03-07 13:30:00,3147,248
230,2018-03-07 14:00:00,3148,231
230,2018-03-07 14:30:00,3149,208
230,2018-03-07 15:00:00,3150,273
230,2018-03-07 15:30:00,3151,324
230,2018-03-07 16:00:00,3152,357
230,2018-03-07 16:30:00,3153,346
230,2018-03-07 17:00:00,3154,331
230,2018-03-07 17:30:00,3155,384
230,2018-03-07 18:00:00,3156,389
230,2018-03-07 18:30:00,3157,380
230,2018-03-07 19:00:00,3158,364
230,2018-03-07 19:30:00,3159,306
230,2018-03-07 20:00:00,3160,316
230,2018-03-07 20:30:00,3161,308
230,2018-03-07 21:00:00,3162,311
230,2018-03-07 21:30:00,3163,341
230,2018-03-07 22:00:00,3164,360
230,2018-03-07 22:30:00,3165,309
230,2018-03-07 23:00:00,3166,368
230,2018-03-07 23:30:00,3167,218
230,2018-03-08 00:00:00,3168,165
230,2018-03-08 00:30:00,3169,148
230,2018-03-08 01:00:00,3170,83
230,2018-03-08 01:30:00,3171,77
230,2018-03-08 02:00:00,3172,60
230,2018-03-08 02:30:00,3173,59
230,2018-03-08 03:00:00,3174,40
230,2018-03-08 03:30:00,3175,46
230,2018-03-08 04:00:00,3176,60
230,2018-03-08 04:30:00,3177,36
230,2018-03-08 05:00:00,3178,29
230,2018-03-08 05:30:00,3179,63
230,2018-03-08 06:00:00,3180,58
230,2018-03-08 06:30:00,3181,95
230,2018-03-08 07:00:00,3182,132
230,2018-03-08 07:30:00,3183,174
230,2018-03-08 08:00:00,3184,185
230,2018-03-08 08:30:00,3185,185
230,2018-03-08 09:00:00,3186,193
230,2018-03-08 09:30:00,3187,208
230,2018-03-08 10:00:00,3188,197
230,2018-03-08 10:30:00,3189,228
230,2018-03-08 11:00:00,3190,244
230,2018-03-08 11:30:00,3191,259
230,2018-03-08 12:00:00,3192,235
230,2018-03-08 12:30:00,3193,216
230,2018-03-08 13:00:00,3194,227
230,2018-03-08 13:30:00,3195,252
230,2018-03-08 14:00:00,3196,265
230,2018-03-08 14:30:00,3197,273
230,2018-03-08 15:00:00,3198,255
230,2018-03-08 15:30:00,3199,246
230,2018-03-08 16:00:00,3200,228
230,2018-03-08 16:30:00,3201,247
230,2018-03-08 17:00:00,3202,299
230,2018-03-08 17:30:00,3203,364
230,2018-03-08 18:00:00,3204,411
230,2018-03-08 18:30:00,3205,461
230,2018-03-08 19:00:00,3206,389
230,2018-03-08 19:30:00,3207,365
230,2018-03-08 20:00:00,3208,415
230,2018-03-08 20:30:00,3209,516
230,2018-03-08 21:00:00,3210,470
230,2018-03-08 21:30:00,3211,478
230,2018-03-08 22:00:00,3212,443
230,2018-03-08 22:30:00,3213,586
230,2018-03-08 23:00:00,3214,433
230,2018-03-08 23:30:00,3215,340
230,2018-03-09 00:00:00,3216,275
230,2018-03-09 00:30:00,3217,196
230,2018-03-09 01:00:00,3218,150
230,2018-03-09 01:30:00,3219,85
230,2018-03-09 02:00:00,3220,94
230,2018-03-09 02:30:00,3221,69
230,2018-03-09 03:00:00,3222,52
230,2018-03-09 03:30:00,3223,48
230,2018-03-09 04:00:00,3224,69
230,2018-03-09 04:30:00,3225,50
230,2018-03-09 05:00:00,3226,37
230,2018-03-09 05:30:00,3227,52
230,2018-03-09 06:00:00,3228,57
230,2018-03-09 06:30:00,3229,89
230,2018-03-09 07:00:00,3230,96
230,2018-03-09 07:30:00,3231,133
230,2018-03-09 08:00:00,3232,145
230,2018-03-09 08:30:00,3233,175
230,2018-03-09 09:00:00,3234,176
230,2018-03-09 09:30:00,3235,201
230,2018-03-09 10:00:00,3236,210
230,2018-03-09 10:30:00,3237,226
230,2018-03-09 11:00:00,3238,256
230,2018-03-09 11:30:00,3239,270
230,2018-03-09 12:00:00,3240,231
230,2018-03-09 12:30:00,3241,215
230,2018-03-09 13:00:00,3242,252
230,2018-03-09 13:30:00,3243,253
230,2018-03-09 14:00:00,3244,237
230,2018-03-09 14:30:00,3245,243
230,2018-03-09 15:00:00,3246,252
230,2018-03-09 15:30:00,3247,226
230,2018-03-09 16:00:00,3248,197
230,2018-03-09 16:30:00,3249,200
230,2018-03-09 17:00:00,3250,241
230,2018-03-09 17:30:00,3251,256
230,2018-03-09 18:00:00,3252,381
230,2018-03-09 18:30:00,3253,349
230,2018-03-09 19:00:00,3254,339
230,2018-03-09 19:30:00,3255,340
230,2018-03-09 20:00:00,3256,343
230,2018-03-09 20:30:00,3257,322
230,2018-03-09 21:00:00,3258,400
230,2018-03-09 21:30:00,3259,384
230,2018-03-09 22:00:00,3260,342
230,2018-03-09 22:30:00,3261,477
230,2018-03-09 23:00:00,3262,476
230,2018-03-09 23:30:00,3263,406
230,2018-03-10 00:00:00,3264,320
230,2018-03-10 00:30:00,3265,244
230,2018-03-10 01:00:00,3266,184
230,2018-03-10 01:30:00,3267,156
230,2018-03-10 02:00:00,3268,148
230,2018-03-10 02:30:00,3269,120
230,2018-03-10 03:00:00,3270,88
230,2018-03-10 03:30:00,3271,127
230,2018-03-10 04:00:00,3272,112
230,2018-03-10 04:30:00,3273,69
230,2018-03-10 05:00:00,3274,42
230,2018-03-10 05:30:00,3275,58
230,2018-03-10 06:00:00,3276,37
230,2018-03-10 06:30:00,3277,59
230,2018-03-10 07:00:00,3278,80
230,2018-03-10 07:30:00,3279,77
230,2018-03-10 08:00:00,3280,82
230,2018-03-10 08:30:00,3281,119
230,2018-03-10 09:00:00,3282,178
230,2018-03-10 09:30:00,3283,206
230,2018-03-10 10:00:00,3284,209
230,2018-03-10 10:30:00,3285,235
230,2018-03-10 11:00:00,3286,216
230,2018-03-10 11:30:00,3287,238
230,2018-03-10 12:00:00,3288,261
230,2018-03-10 12:30:00,3289,229
230,2018-03-10 13:00:00,3290,225
230,2018-03-10 13:30:00,3291,221
230,2018-03-10 14:00:00,3292,195
230,2018-03-10 14:30:00,3293,227
230,2018-03-10 15:00:00,3294,206
230,2018-03-10 15:30:00,3295,265
230,2018-03-10 16:00:00,3296,251
230,2018-03-10 16:30:00,3297,241
230,2018-03-10 17:00:00,3298,280
230,2018-03-10 17:30:00,3299,332
230,2018-03-10 18:00:00,3300,362
230,2018-03-10 18:30:00,3301,293
230,2018-03-10 19:00:00,3302,315
230,2018-03-10 19:30:00,3303,273
230,2018-03-10 20:00:00,3304,259
230,2018-03-10 20:30:00,3305,246
230,2018-03-10 21:00:00,3306,256
230,2018-03-10 21:30:00,3307,352
230,2018-03-10 22:00:00,3308,469
230,2018-03-10 22:30:00,3309,686
230,2018-03-10 23:00:00,3310,506
230,2018-03-10 23:30:00,3311,428
230,2018-03-11 00:00:00,3312,358
230,2018-03-11 00:30:00,3313,307
230,2018-03-11 01:00:00,3314,258
230,2018-03-11 01:30:00,3315,206
230,2018-03-11 02:00:00,3316,0
230,2018-03-11 02:30:00,3317,0
230,2018-03-11 03:00:00,3318,191
230,2018-03-11 03:30:00,3319,159
230,2018-03-11 04:00:00,3320,190
230,2018-03-11 04:30:00,3321,137
230,2018-03-11 05:00:00,3322,108
230,2018-03-11 05:30:00,3323,59
230,2018-03-11 06:00:00,3324,44
230,2018-03-11 06:30:00,3325,72
230,2018-03-11 07:00:00,3326,74
230,2018-03-11 07:30:00,3327,82
230,2018-03-11 08:00:00,3328,101
230,2018-03-11 08:30:00,3329,101
230,2018-03-11 09:00:00,3330,129
230,2018-03-11 09:30:00,3331,158
230,2018-03-11 10:00:00,3332,191
230,2018-03-11 10:30:00,3333,217
230,2018-03-11 11:00:00,3334,248
230,2018-03-11 11:30:00,3335,271
230,2018-03-11 12:00:00,3336,266
230,2018-03-11 12:30:00,3337,229
230,2018-03-11 13:00:00,3338,221
230,2018-03-11 13:30:00,3339,168
230,2018-03-11 14:00:00,3340,215
230,2018-03-11 14:30:00,3341,204
230,2018-03-11 15:00:00,3342,207
230,2018-03-11 15:30:00,3343,213
230,2018-03-11 16:00:00,3344,198
230,2018-03-11 16:30:00,3345,261
230,2018-03-11 17:00:00,3346,239
230,2018-03-11 17:30:00,3347,264
230,2018-03-11 18:00:00,3348,270
230,2018-03-11 18:30:00,3349,285
230,2018-03-11 19:00:00,3350,212
230,2018-03-11 19:30:00,3351,195
230,2018-03-11 20:00:00,3352,205
230,2018-03-11 20:30:00,3353,211
230,2018-03-11 21:00:00,3354,252
230,2018-03-11 21:30:00,3355,357
230,2018-03-11 22:00:00,3356,218
230,2018-03-11 22:30:00,3357,183
230,2018-03-11 23:00:00,3358,174
230,2018-03-11 23:30:00,3359,148
230,2018-03-12 00:00:00,3360,116
230,2018-03-12 00:30:00,3361,102
230,2018-03-12 01:00:00,3362,60
230,2018-03-12 01:30:00,3363,55
230,2018-03-12 02:00:00,3364,41
230,2018-03-12 02:30:00,3365,38
230,2018-03-12 03:00:00,3366,28
230,2018-03-12 03:30:00,3367,37
230,2018-03-12 04:00:00,3368,52
230,2018-03-12 04:30:00,3369,28
230,2018-03-12 05:00:00,3370,35
230,2018-03-12 05:30:00,3371,33
230,2018-03-12 06:00:00,3372,43
230,2018-03-12 06:30:00,3373,101
230,2018-03-12 07:00:00,3374,91
230,2018-03-12 07:30:00,3375,127
230,2018-03-12 08:00:00,3376,173
230,2018-03-12 08:30:00,3377,139
230,2018-03-12 09:00:00,3378,177
230,2018-03-12 09:30:00,3379,163
230,2018-03-12 10:00:00,3380,205
230,2018-03-12 10:30:00,3381,212
230,2018-03-12 11:00:00,3382,203
230,2018-03-12 11:30:00,3383,227
230,2018-03-12 12:00:00,3384,216
230,2018-03-12 12:30:00,3385,199
230,2018-03-12 13:00:00,3386,196
230,2018-03-12 13:30:00,3387,199
230,2018-03-12 14:00:00,3388,235
230,2018-03-12 14:30:00,3389,201
230,2018-03-12 15:00:00,3390,255
230,2018-03-12 15:30:00,3391,250
230,2018-03-12 16:00:00,3392,237
230,2018-03-12 16:30:00,3393,218
230,2018-03-12 17:00:00,3394,295
230,2018-03-12 17:30:00,3395,324
230,2018-03-12 18:00:00,3396,402
230,2018-03-12 18:30:00,3397,404
230,2018-03-12 19:00:00,3398,379
230,2018-03-12 19:30:00,3399,342
230,2018-03-12 20:00:00,3400,317
230,2018-03-12 20:30:00,3401,336
230,2018-03-12 21:00:00,3402,465
230,2018-03-12 21:30:00,3403,442
230,2018-03-12 22:00:00,3404,478
230,2018-03-12 22:30:00,3405,567
230,2018-03-12 23:00:00,3406,441
230,2018-03-12 23:30:00,3407,329
230,2018-03-13 00:00:00,3408,235
230,2018-03-13 00:30:00,3409,172
230,2018-03-13 01:00:00,3410,122
230,2018-03-13 01:30:00,3411,95
230,2018-03-13 02:00:00,3412,80
230,2018-03-13 02:30:00,3413,63
230,2018-03-13 03:00:00,3414,48
230,2018-03-13 03:30:00,3415,42
230,2018-03-13 04:00:00,3416,48
230,2018-03-13 04:30:00,3417,43
230,2018-03-13 05:00:00,3418,29
230,2018-03-13 05:30:00,3419,39
230,2018-03-13 06:00:00,3420,55
230,2018-03-13 06:30:00,3421,110
230,2018-03-13 07:00:00,3422,114
230,2018-03-13 07:30:00,3423,182
230,2018-03-13 08:00:00,3424,212
230,2018-03-13 08:30:00,3425,194
230,2018-03-13 09:00:00,3426,219
230,2018-03-13 09:30:00,3427,210
230,2018-03-13 10:00:00,3428,225
230,2018-03-13 10:30:00,3429,268
230,2018-03-13 11:00:00,3430,250
230,2018-03-13 11:30:00,3431,289
230,2018-03-13 12:00:00,3432,288
230,2018-03-13 12:30:00,3433,241
230,2018-03-13 13:00:00,3434,235
230,2018-03-13 13:30:00,3435,262
230,2018-03-13 14:00:00,3436,222
230,2018-03-13 14:30:00,3437,233
230,2018-03-13 15:00:00,3438,255
230,2018-03-13 15:30:00,3439,248
230,2018-03-13 16:00:00,3440,238
230,2018-03-13 16:30:00,3441,238
230,2018-03-13 17:00:00,3442,313
230,2018-03-13 17:30:00,3443,313
230,2018-03-13 18:00:00,3444,463
230,2018-03-13 18:30:00,3445,461
230,2018-03-13 19:00:00,3446,397
230,2018-03-13 19:30:00,3447,420
230,2018-03-13 20:00:00,3448,425
230,2018-03-13 20:30:00,3449,503
230,2018-03-13 21:00:00,3450,549
230,2018-03-13 21:30:00,3451,577
230,2018-03-13 22:00:00,3452,515
230,2018-03-13 22:30:00,3453,632
230,2018-03-13 23:00:00,3454,426
230,2018-03-13 23:30:00,3455,339
230,2018-03-14 00:00:00,3456,264
230,2018-03-14 00:30:00,3457,197
230,2018-03-14 01:00:00,3458,164
230,2018-03-14 01:30:00,3459,110
230,2018-03-14 02:00:00,3460,67
230,2018-03-14 02:30:00,3461,64
230,2018-03-14 03:00:00,3462,46
230,2018-03-14 03:30:00,3463,59
230,2018-03-14 04:00:00,3464,56
230,2018-03-14 04:30:00,3465,39
230,2018-03-14 05:00:00,3466,28
230,2018-03-14 05:30:00,3467,51
230,2018-03-14 06:00:00,3468,84
230,2018-03-14 06:30:00,3469,103
230,2018-03-14 07:00:00,3470,118
230,2018-03-14 07:30:00,3471,181
230,2018-03-14 08:00:00,3472,222
230,2018-03-14 08:30:00,3473,194
230,2018-03-14 09:00:00,3474,216
230,2018-03-14 09:30:00,3475,214
230,2018-03-14 10:00:00,3476,239
230,2018-03-14 10:30:00,3477,255
230,2018-03-14 11:00:00,3478,261
230,2018-03-14 11:30:00,3479,301
230,2018-03-14 12:00:00,3480,289
230,2018-03-14 12:30:00,3481,219
230,2018-03-14 13:00:00,3482,247
230,2018-03-14 13:30:00,3483,280
230,2018-03-14 14:00:00,3484,295
230,2018-03-14 14:30:00,3485,276
230,2018-03-14 15:00:00,3486,335
230,2018-03-14 15:30:00,3487,321
230,2018-03-14 16:00:00,3488,310
230,2018-03-14 16:30:00,3489,269
230,2018-03-14 17:00:00,3490,319
230,2018-03-14 17:30:00,3491,353
230,2018-03-14 18:00:00,3492,421
230,2018-03-14 18:30:00,3493,458
230,2018-03-14 19:00:00,3494,441
230,2018-03-14 19:30:00,3495,414
230,2018-03-14 20:00:00,3496,415
230,2018-03-14 20:30:00,3497,465
230,2018-03-14 21:00:00,3498,471
230,2018-03-14 21:30:00,3499,467
230,2018-03-14 22:00:00,3500,510
230,2018-03-14 22:30:00,3501,635
230,2018-03-14 23:00:00,3502,639
230,2018-03-14 23:30:00,3503,364
230,2018-03-15 00:00:00,3504,318
230,2018-03-15 00:30:00,3505,215
230,2018-03-15 01:00:00,3506,115
230,2018-03-15 01:30:00,3507,90
230,2018-03-15 02:00:00,3508,79
230,2018-03-15 02:30:00,3509,70
230,2018-03-15 03:00:00,3510,52
230,2018-03-15 03:30:00,3511,63
230,2018-03-15 04:00:00,3512,85
230,2018-03-15 04:30:00,3513,61
230,2018-03-15 05:00:00,3514,39
230,2018-03-15 05:30:00,3515,56
230,2018-03-15 06:00:00,3516,70
230,2018-03-15 06:30:00,3517,120
230,2018-03-15 07:00:00,3518,145
230,2018-03-15 07:30:00,3519,200
230,2018-03-15 08:00:00,3520,206
230,2018-03-15 08:30:00,3521,225
230,2018-03-15 09:00:00,3522,218
230,2018-03-15 09:30:00,3523,219
230,2018-03-15 10:00:00,3524,264
230,2018-03-15 10:30:00,3525,270
230,2018-03-15 11:00:00,3526,254
230,2018-03-15 11:30:00,3527,317
230,2018-03-15 12:00:00,3528,286
230,2018-03-15 12:30:00,3529,270
230,2018-03-15 13:00:00,3530,254
230,2018-03-15 13:30:00,3531,291
230,2018-03-15 14:00:00,3532,297
230,2018-03-15 14:30:00,3533,263
230,2018-03-15 15:00:00,3534,281
230,2018-03-15 15:30:00,3535,277
230,2018-03-15 16:00:00,3536,250
230,2018-03-15 16:30:00,3537,234
230,2018-03-15 17:00:00,3538,292
230,2018-03-15 17:30:00,3539,396
230,2018-03-15 18:00:00,3540,453
230,2018-03-15 18:30:00,3541,474
230,2018-03-15 19:00:00,3542,414
230,2018-03-15 19:30:00,3543,423
230,2018-03-15 20:00:00,3544,405
230,2018-03-15 20:30:00,3545,432
230,2018-03-15 21:00:00,3546,377
230,2018-03-15 21:30:00,3547,338
230,2018-03-15 22:00:00,3548,344
230,2018-03-15 22:30:00,3549,468
230,2018-03-15 23:00:00,3550,505
230,2018-03-15 23:30:00,3551,391
230,2018-03-16 00:00:00,3552,346
230,2018-03-16 00:30:00,3553,251
230,2018-03-16 01:00:00,3554,184
230,2018-03-16 01:30:00,3555,139
230,2018-03-16 02:00:00,3556,106
230,2018-03-16 02:30:00,3557,93
230,2018-03-16 03:00:00,3558,71
230,2018-03-16 03:30:00,3559,83
230,2018-03-16 04:00:00,3560,101
230,2018-03-16 04:30:00,3561,64
230,2018-03-16 05:00:00,3562,47
230,2018-03-16 05:30:00,3563,42
230,2018-03-16 06:00:00,3564,71
230,2018-03-16 06:30:00,3565,113
230,2018-03-16 07:00:00,3566,126
230,2018-03-16 07:30:00,3567,188
230,2018-03-16 08:00:00,3568,191
230,2018-03-16 08:30:00,3569,202
230,2018-03-16 09:00:00,3570,229
230,2018-03-16 09:30:00,3571,244
230,2018-03-16 10:00:00,3572,251
230,2018-03-16 10:30:00,3573,242
230,2018-03-16 11:00:00,3574,279
230,2018-03-16 11:30:00,3575,288
230,2018-03-16 12:00:00,3576,281
230,2018-03-16 12:30:00,3577,255
230,2018-03-16 13:00:00,3578,216
230,2018-03-16 13:30:00,3579,270
230,2018-03-16 14:00:00,3580,294
230,2018-03-16 14:30:00,3581,261
230,2018-03-16 15:00:00,3582,273
230,2018-03-16 15:30:00,3583,227
230,2018-03-16 16:00:00,3584,202
230,2018-03-16 16:30:00,3585,206
230,2018-03-16 17:00:00,3586,204
230,2018-03-16 17:30:00,3587,303
230,2018-03-16 18:00:00,3588,402
230,2018-03-16 18:30:00,3589,375
230,2018-03-16 19:00:00,3590,392
230,2018-03-16 19:30:00,3591,432
230,2018-03-16 20:00:00,3592,373
230,2018-03-16 20:30:00,3593,332
230,2018-03-16 21:00:00,3594,406
230,2018-03-16 21:30:00,3595,461
230,2018-03-16 22:00:00,3596,499
230,2018-03-16 22:30:00,3597,574
230,2018-03-16 23:00:00,3598,590
230,2018-03-16 23:30:00,3599,486
230,2018-03-17 00:00:00,3600,447
230,2018-03-17 00:30:00,3601,305
230,2018-03-17 01:00:00,3602,244
230,2018-03-17 01:30:00,3603,168
230,2018-03-17 02:00:00,3604,160
230,2018-03-17 02:30:00,3605,112
230,2018-03-17 03:00:00,3606,101
230,2018-03-17 03:30:00,3607,135
230,2018-03-17 04:00:00,3608,151
230,2018-03-17 04:30:00,3609,68
230,2018-03-17 05:00:00,3610,50
230,2018-03-17 05:30:00,3611,43
230,2018-03-17 06:00:00,3612,37
230,2018-03-17 06:30:00,3613,70
230,2018-03-17 07:00:00,3614,76
230,2018-03-17 07:30:00,3615,119
230,2018-03-17 08:00:00,3616,149
230,2018-03-17 08:30:00,3617,221
230,2018-03-17 09:00:00,3618,197
230,2018-03-17 09:30:00,3619,215
230,2018-03-17 10:00:00,3620,236
230,2018-03-17 10:30:00,3621,227
230,2018-03-17 11:00:00,3622,233
230,2018-03-17 11:30:00,3623,301
230,2018-03-17 12:00:00,3624,306
230,2018-03-17 12:30:00,3625,276
230,2018-03-17 13:00:00,3626,262
230,2018-03-17 13:30:00,3627,283
230,2018-03-17 14:00:00,3628,261
230,2018-03-17 14:30:00,3629,216
230,2018-03-17 15:00:00,3630,256
230,2018-03-17 15:30:00,3631,202
230,2018-03-17 16:00:00,3632,196
230,2018-03-17 16:30:00,3633,184
230,2018-03-17 17:00:00,3634,170
230,2018-03-17 17:30:00,3635,279
230,2018-03-17 18:00:00,3636,314
230,2018-03-17 18:30:00,3637,299
230,2018-03-17 19:00:00,3638,351
230,2018-03-17 19:30:00,3639,357
230,2018-03-17 20:00:00,3640,264
230,2018-03-17 20:30:00,3641,254
230,2018-03-17 21:00:00,3642,314
230,2018-03-17 21:30:00,3643,333
230,2018-03-17 22:00:00,3644,413
230,2018-03-17 22:30:00,3645,561
230,2018-03-17 23:00:00,3646,530
230,2018-03-17 23:30:00,3647,439
230,2018-03-18 00:00:00,3648,407
230,2018-03-18 00:30:00,3649,334
230,2018-03-18 01:00:00,3650,260
230,2018-03-18 01:30:00,3651,172
230,2018-03-18 02:00:00,3652,157
230,2018-03-18 02:30:00,3653,170
230,2018-03-18 03:00:00,3654,147
230,2018-03-18 03:30:00,3655,151
230,2018-03-18 04:00:00,3656,168
230,2018-03-18 04:30:00,3657,110
230,2018-03-18 05:00:00,3658,76
230,2018-03-18 05:30:00,3659,63
230,2018-03-18 06:00:00,3660,41
230,2018-03-18 06:30:00,3661,46
230,2018-03-18 07:00:00,3662,45
230,2018-03-18 07:30:00,3663,57
230,2018-03-18 08:00:00,3664,70
230,2018-03-18 08:30:00,3665,124
230,2018-03-18 09:00:00,3666,116
230,2018-03-18 09:30:00,3667,131
230,2018-03-18 10:00:00,3668,122
230,2018-03-18 10:30:00,3669,138
230,2018-03-18 11:00:00,3670,104
230,2018-03-18 11:30:00,3671,167
230,2018-03-18 12:00:00,3672,248
230,2018-03-18 12:30:00,3673,228
230,2018-03-18 13:00:00,3674,213
230,2018-03-18 13:30:00,3675,189
230,2018-03-18 14:00:00,3676,202
230,2018-03-18 14:30:00,3677,188
230,2018-03-18 15:00:00,3678,173
230,2018-03-18 15:30:00,3679,208
230,2018-03-18 16:00:00,3680,190
230,2018-03-18 16:30:00,3681,288
230,2018-03-18 17:00:00,3682,274
230,2018-03-18 17:30:00,3683,355
230,2018-03-18 18:00:00,3684,313
230,2018-03-18 18:30:00,3685,242
230,2018-03-18 19:00:00,3686,239
230,2018-03-18 19:30:00,3687,180
230,2018-03-18 20:00:00,3688,195
230,2018-03-18 20:30:00,3689,185
230,2018-03-18 21:00:00,3690,222
230,2018-03-18 21:30:00,3691,280
230,2018-03-18 22:00:00,3692,191
230,2018-03-18 22:30:00,3693,168
230,2018-03-18 23:00:00,3694,164
230,2018-03-18 23:30:00,3695,144
230,2018-03-19 00:00:00,3696,124
230,2018-03-19 00:30:00,3697,96
230,2018-03-19 01:00:00,3698,83
230,2018-03-19 01:30:00,3699,53
230,2018-03-19 02:00:00,3700,47
230,2018-03-19 02:30:00,3701,38
230,2018-03-19 03:00:00,3702,48
230,2018-03-19 03:30:00,3703,45
230,2018-03-19 04:00:00,3704,54
230,2018-03-19 04:30:00,3705,23
230,2018-03-19 05:00:00,3706,40
230,2018-03-19 05:30:00,3707,41
230,2018-03-19 06:00:00,3708,56
230,2018-03-19 06:30:00,3709,102
230,2018-03-19 07:00:00,3710,113
230,2018-03-19 07:30:00,3711,166
230,2018-03-19 08:00:00,3712,131
230,2018-03-19 08:30:00,3713,143
230,2018-03-19 09:00:00,3714,154
230,2018-03-19 09:30:00,3715,227
230,2018-03-19 10:00:00,3716,187
230,2018-03-19 10:30:00,3717,207
230,2018-03-19 11:00:00,3718,202
230,2018-03-19 11:30:00,3719,240
230,2018-03-19 12:00:00,3720,242
230,2018-03-19 12:30:00,3721,204
230,2018-03-19 13:00:00,3722,186
230,2018-03-19 13:30:00,3723,213
230,2018-03-19 14:00:00,3724,206
230,2018-03-19 14:30:00,3725,224
230,2018-03-19 15:00:00,3726,227
230,2018-03-19 15:30:00,3727,196
230,2018-03-19 16:00:00,3728,201
230,2018-03-19 16:30:00,3729,179
230,2018-03-19 17:00:00,3730,255
230,2018-03-19 17:30:00,3731,330
230,2018-03-19 18:00:00,3732,345
230,2018-03-19 18:30:00,3733,386
230,2018-03-19 19:00:00,3734,331
230,2018-03-19 19:30:00,3735,350
230,2018-03-19 20:00:00,3736,327
230,2018-03-19 20:30:00,3737,372
230,2018-03-19 21:00:00,3738,427
230,2018-03-19 21:30:00,3739,369
230,2018-03-19 22:00:00,3740,362
230,2018-03-19 22:30:00,3741,475
230,2018-03-19 23:00:00,3742,290
230,2018-03-19 23:30:00,3743,225
230,2018-03-20 00:00:00,3744,200
230,2018-03-20 00:30:00,3745,138
230,2018-03-20 01:00:00,3746,99
230,2018-03-20 01:30:00,3747,76
230,2018-03-20 02:00:00,3748,79
230,2018-03-20 02:30:00,3749,64
230,2018-03-20 03:00:00,3750,38
230,2018-03-20 03:30:00,3751,34
230,2018-03-20 04:00:00,3752,55
230,2018-03-20 04:30:00,3753,36
230,2018-03-20 05:00:00,3754,44
230,2018-03-20 05:30:00,3755,43
230,2018-03-20 06:00:00,3756,68
230,2018-03-20 06:30:00,3757,100
230,2018-03-20 07:00:00,3758,106
230,2018-03-20 07:30:00,3759,150
230,2018-03-20 08:00:00,3760,180
230,2018-03-20 08:30:00,3761,220
230,2018-03-20 09:00:00,3762,191
230,2018-03-20 09:30:00,3763,205
230,2018-03-20 10:00:00,3764,206
230,2018-03-20 10:30:00,3765,214
230,2018-03-20 11:00:00,3766,244
230,2018-03-20 11:30:00,3767,231
230,2018-03-20 12:00:00,3768,273
230,2018-03-20 12:30:00,3769,232
230,2018-03-20 13:00:00,3770,229
230,2018-03-20 13:30:00,3771,303
230,2018-03-20 14:00:00,3772,297
230,2018-03-20 14:30:00,3773,269
230,2018-03-20 15:00:00,3774,282
230,2018-03-20 15:30:00,3775,231
230,2018-03-20 16:00:00,3776,241
230,2018-03-20 16:30:00,3777,230
230,2018-03-20 17:00:00,3778,293
230,2018-03-20 17:30:00,3779,373
230,2018-03-20 18:00:00,3780,418
230,2018-03-20 18:30:00,3781,425
230,2018-03-20 19:00:00,3782,368
230,2018-03-20 19:30:00,3783,346
230,2018-03-20 20:00:00,3784,344
230,2018-03-20 20:30:00,3785,426
230,2018-03-20 21:00:00,3786,491
230,2018-03-20 21:30:00,3787,455
230,2018-03-20 22:00:00,3788,459
230,2018-03-20 22:30:00,3789,675
230,2018-03-20 23:00:00,3790,543
230,2018-03-20 23:30:00,3791,357
230,2018-03-21 00:00:00,3792,251
230,2018-03-21 00:30:00,3793,177
230,2018-03-21 01:00:00,3794,117
230,2018-03-21 01:30:00,3795,97
230,2018-03-21 02:00:00,3796,70
230,2018-03-21 02:30:00,3797,55
230,2018-03-21 03:00:00,3798,60
230,2018-03-21 03:30:00,3799,34
230,2018-03-21 04:00:00,3800,61
230,2018-03-21 04:30:00,3801,50
230,2018-03-21 05:00:00,3802,42
230,2018-03-21 05:30:00,3803,54
230,2018-03-21 06:00:00,3804,58
230,2018-03-21 06:30:00,3805,91
230,2018-03-21 07:00:00,3806,105
230,2018-03-21 07:30:00,3807,119
230,2018-03-21 08:00:00,3808,173
230,2018-03-21 08:30:00,3809,183
230,2018-03-21 09:00:00,3810,147
230,2018-03-21 09:30:00,3811,171
230,2018-03-21 10:00:00,3812,180
230,2018-03-21 10:30:00,3813,213
230,2018-03-21 11:00:00,3814,202
230,2018-03-21 11:30:00,3815,215
230,2018-03-21 12:00:00,3816,231
230,2018-03-21 12:30:00,3817,189
230,2018-03-21 13:00:00,3818,193
230,2018-03-21 13:30:00,3819,207
230,2018-03-21 14:00:00,3820,185
230,2018-03-21 14:30:00,3821,168
230,2018-03-21 15:00:00,3822,169
230,2018-03-21 15:30:00,3823,212
230,2018-03-21 16:00:00,3824,226
230,2018-03-21 16:30:00,3825,334
230,2018-03-21 17:00:00,3826,313
230,2018-03-21 17:30:00,3827,328
230,2018-03-21 18:00:00,3828,340
230,2018-03-21 18:30:00,3829,371
230,2018-03-21 19:00:00,3830,320
230,2018-03-21 19:30:00,3831,290
230,2018-03-21 20:00:00,3832,276
230,2018-03-21 20:30:00,3833,321
230,2018-03-21 21:00:00,3834,299
230,2018-03-21 21:30:00,3835,366
230,2018-03-21 22:00:00,3836,449
230,2018-03-21 22:30:00,3837,533
230,2018-03-21 23:00:00,3838,374
230,2018-03-21 23:30:00,3839,244
230,2018-03-22 00:00:00,3840,213
230,2018-03-22 00:30:00,3841,141
230,2018-03-22 01:00:00,3842,113
230,2018-03-22 01:30:00,3843,63
230,2018-03-22 02:00:00,3844,36
230,2018-03-22 02:30:00,3845,48
230,2018-03-22 03:00:00,3846,53
230,2018-03-22 03:30:00,3847,37
230,2018-03-22 04:00:00,3848,44
230,2018-03-22 04:30:00,3849,34
230,2018-03-22 05:00:00,3850,29
230,2018-03-22 05:30:00,3851,54
230,2018-03-22 06:00:00,3852,61
230,2018-03-22 06:30:00,3853,89
230,2018-03-22 07:00:00,3854,128
230,2018-03-22 07:30:00,3855,165
230,2018-03-22 08:00:00,3856,193
230,2018-03-22 08:30:00,3857,189
230,2018-03-22 09:00:00,3858,202
230,2018-03-22 09:30:00,3859,215
230,2018-03-22 10:00:00,3860,222
230,2018-03-22 10:30:00,3861,217
230,2018-03-22 11:00:00,3862,226
230,2018-03-22 11:30:00,3863,263
230,2018-03-22 12:00:00,3864,271
230,2018-03-22 12:30:00,3865,207
230,2018-03-22 13:00:00,3866,216
230,2018-03-22 13:30:00,3867,251
230,2018-03-22 14:00:00,3868,239
230,2018-03-22 14:30:00,3869,233
230,2018-03-22 15:00:00,3870,244
230,2018-03-22 15:30:00,3871,205
230,2018-03-22 16:00:00,3872,238
230,2018-03-22 16:30:00,3873,269
230,2018-03-22 17:00:00,3874,299
230,2018-03-22 17:30:00,3875,366
230,2018-03-22 18:00:00,3876,416
230,2018-03-22 18:30:00,3877,428
230,2018-03-22 19:00:00,3878,321
230,2018-03-22 19:30:00,3879,363
230,2018-03-22 20:00:00,3880,380
230,2018-03-22 20:30:00,3881,425
230,2018-03-22 21:00:00,3882,466
230,2018-03-22 21:30:00,3883,441
230,2018-03-22 22:00:00,3884,425
230,2018-03-22 22:30:00,3885,619
230,2018-03-22 23:00:00,3886,483
230,2018-03-22 23:30:00,3887,385
230,2018-03-23 00:00:00,3888,344
230,2018-03-23 00:30:00,3889,252
230,2018-03-23 01:00:00,3890,195
230,2018-03-23 01:30:00,3891,130
230,2018-03-23 02:00:00,3892,115
230,2018-03-23 02:30:00,3893,92
230,2018-03-23 03:00:00,3894,99
230,2018-03-23 03:30:00,3895,63
230,2018-03-23 04:00:00,3896,82
230,2018-03-23 04:30:00,3897,59
230,2018-03-23 05:00:00,3898,34
230,2018-03-23 05:30:00,3899,53
230,2018-03-23 06:00:00,3900,75
230,2018-03-23 06:30:00,3901,94
230,2018-03-23 07:00:00,3902,118
230,2018-03-23 07:30:00,3903,115
230,2018-03-23 08:00:00,3904,149
230,2018-03-23 08:30:00,3905,157
230,2018-03-23 09:00:00,3906,187
230,2018-03-23 09:30:00,3907,193
230,2018-03-23 10:00:00,3908,202
230,2018-03-23 10:30:00,3909,239
230,2018-03-23 11:00:00,3910,217
230,2018-03-23 11:30:00,3911,232
230,2018-03-23 12:00:00,3912,267
230,2018-03-23 12:30:00,3913,192
230,2018-03-23 13:00:00,3914,214
230,2018-03-23 13:30:00,3915,224
230,2018-03-23 14:00:00,3916,245
230,2018-03-23 14:30:00,3917,250
230,2018-03-23 15:00:00,3918,245
230,2018-03-23 15:30:00,3919,234
230,2018-03-23 16:00:00,3920,214
230,2018-03-23 16:30:00,3921,208
230,2018-03-23 17:00:00,3922,290
230,2018-03-23 17:30:00,3923,336
230,2018-03-23 18:00:00,3924,392
230,2018-03-23 18:30:00,3925,353
230,2018-03-23 19:00:00,3926,344
230,2018-03-23 19:30:00,3927,350
230,2018-03-23 20:00:00,3928,326
230,2018-03-23 20:30:00,3929,321
230,2018-03-23 21:00:00,3930,291
230,2018-03-23 21:30:00,3931,325
230,2018-03-23 22:00:00,3932,335
230,2018-03-23 22:30:00,3933,544
230,2018-03-23 23:00:00,3934,558
230,2018-03-23 23:30:00,3935,407
230,2018-03-24 00:00:00,3936,394
230,2018-03-24 00:30:00,3937,294
230,2018-03-24 01:00:00,3938,241
230,2018-03-24 01:30:00,3939,191
230,2018-03-24 02:00:00,3940,126
230,2018-03-24 02:30:00,3941,143
230,2018-03-24 03:00:00,3942,107
230,2018-03-24 03:30:00,3943,110
230,2018-03-24 04:00:00,3944,94
230,2018-03-24 04:30:00,3945,70
230,2018-03-24 05:00:00,3946,58
230,2018-03-24 05:30:00,3947,32
230,2018-03-24 06:00:00,3948,27
230,2018-03-24 06:30:00,3949,49
230,2018-03-24 07:00:00,3950,64
230,2018-03-24 07:30:00,3951,74
230,2018-03-24 08:00:00,3952,76
230,2018-03-24 08:30:00,3953,79
230,2018-03-24 09:00:00,3954,124
230,2018-03-24 09:30:00,3955,146
230,2018-03-24 10:00:00,3956,150
230,2018-03-24 10:30:00,3957,171
230,2018-03-24 11:00:00,3958,164
230,2018-03-24 11:30:00,3959,151
230,2018-03-24 12:00:00,3960,164
230,2018-03-24 12:30:00,3961,99
230,2018-03-24 13:00:00,3962,99
230,2018-03-24 13:30:00,3963,100
230,2018-03-24 14:00:00,3964,94
230,2018-03-24 14:30:00,3965,73
230,2018-03-24 15:00:00,3966,100
230,2018-03-24 15:30:00,3967,90
230,2018-03-24 16:00:00,3968,140
230,2018-03-24 16:30:00,3969,190
230,2018-03-24 17:00:00,3970,199
230,2018-03-24 17:30:00,3971,260
230,2018-03-24 18:00:00,3972,298
230,2018-03-24 18:30:00,3973,251
230,2018-03-24 19:00:00,3974,229
230,2018-03-24 19:30:00,3975,250
230,2018-03-24 20:00:00,3976,252
230,2018-03-24 20:30:00,3977,229
230,2018-03-24 21:00:00,3978,279
230,2018-03-24 21:30:00,3979,302
230,2018-03-24 22:00:00,3980,427
230,2018-03-24 22:30:00,3981,573
230,2018-03-24 23:00:00,3982,456
230,2018-03-24 23:30:00,3983,336
230,2018-03-25 00:00:00,3984,342
230,2018-03-25 00:30:00,3985,238
230,2018-03-25 01:00:00,3986,197
230,2018-03-25 01:30:00,3987,153
230,2018-03-25 02:00:00,3988,176
230,2018-03-25 02:30:00,3989,192
230,2018-03-25 03:00:00,3990,135
230,2018-03-25 03:30:00,3991,138
230,2018-03-25 04:00:00,3992,143
230,2018-03-25 04:30:00,3993,79
230,2018-03-25 05:00:00,3994,54
230,2018-03-25 05:30:00,3995,40
230,2018-03-25 06:00:00,3996,47
230,2018-03-25 06:30:00,3997,49
230,2018-03-25 07:00:00,3998,58
230,2018-03-25 07:30:00,3999,68
230,2018-03-25 08:00:00,4000,108
230,2018-03-25 08:30:00,4001,116
230,2018-03-25 09:00:00,4002,149
230,2018-03-25 09:30:00,4003,167
230,2018-03-25 10:00:00,4004,194
230,2018-03-25 10:30:00,4005,226
230,2018-03-25 11:00:00,4006,218
230,2018-03-25 11:30:00,4007,239
230,2018-03-25 12:00:00,4008,227
230,2018-03-25 12:30:00,4009,248
230,2018-03-25 13:00:00,4010,207
230,2018-03-25 13:30:00,4011,217
230,2018-03-25 14:00:00,4012,197
230,2018-03-25 14:30:00,4013,194
230,2018-03-25 15:00:00,4014,172
230,2018-03-25 15:30:00,4015,231
230,2018-03-25 16:00:00,4016,188
230,2018-03-25 16:30:00,4017,275
230,2018-03-25 17:00:00,4018,273
230,2018-03-25 17:30:00,4019,309
230,2018-03-25 18:00:00,4020,332
230,2018-03-25 18:30:00,4021,251
230,2018-03-25 19:00:00,4022,211
230,2018-03-25 19:30:00,4023,257
230,2018-03-25 20:00:00,4024,208
230,2018-03-25 20:30:00,4025,198
230,2018-03-25 21:00:00,4026,232
230,2018-03-25 21:30:00,4027,371
230,2018-03-25 22:00:00,4028,335
230,2018-03-25 22:30:00,4029,209
230,2018-03-25 23:00:00,4030,199
230,2018-03-25 23:30:00,4031,168
230,2018-03-26 00:00:00,4032,125
230,2018-03-26 00:30:00,4033,84
230,2018-03-26 01:00:00,4034,57
230,2018-03-26 01:30:00,4035,53
230,2018-03-26 02:00:00,4036,37
230,2018-03-26 02:30:00,4037,41
230,2018-03-26 03:00:00,4038,30
230,2018-03-26 03:30:00,4039,40
230,2018-03-26 04:00:00,4040,56
230,2018-03-26 04:30:00,4041,37
230,2018-03-26 05:00:00,4042,37
230,2018-03-26 05:30:00,4043,32
230,2018-03-26 06:00:00,4044,58
230,2018-03-26 06:30:00,4045,81
230,2018-03-26 07:00:00,4046,88
230,2018-03-26 07:30:00,4047,104
230,2018-03-26 08:00:00,4048,116
230,2018-03-26 08:30:00,4049,148
230,2018-03-26 09:00:00,4050,186
230,2018-03-26 09:30:00,4051,167
230,2018-03-26 10:00:00,4052,183
230,2018-03-26 10:30:00,4053,210
230,2018-03-26 11:00:00,4054,216
230,2018-03-26 11:30:00,4055,210
230,2018-03-26 12:00:00,4056,214
230,2018-03-26 12:30:00,4057,202
230,2018-03-26 13:00:00,4058,202
230,2018-03-26 13:30:00,4059,188
230,2018-03-26 14:00:00,4060,191
230,2018-03-26 14:30:00,4061,219
230,2018-03-26 15:00:00,4062,217
230,2018-03-26 15:30:00,4063,184
230,2018-03-26 16:00:00,4064,211
230,2018-03-26 16:30:00,4065,264
230,2018-03-26 17:00:00,4066,316
230,2018-03-26 17:30:00,4067,364
230,2018-03-26 18:00:00,4068,399
230,2018-03-26 18:30:00,4069,386
230,2018-03-26 19:00:00,4070,378
230,2018-03-26 19:30:00,4071,363
230,2018-03-26 20:00:00,4072,393
230,2018-03-26 20:30:00,4073,358
230,2018-03-26 21:00:00,4074,470
230,2018-03-26 21:30:00,4075,410
230,2018-03-26 22:00:00,4076,449
230,2018-03-26 22:30:00,4077,430
230,2018-03-26 23:00:00,4078,376
230,2018-03-26 23:30:00,4079,261
230,2018-03-27 00:00:00,4080,189
230,2018-03-27 00:30:00,4081,128
230,2018-03-27 01:00:00,4082,122
230,2018-03-27 01:30:00,4083,95
230,2018-03-27 02:00:00,4084,67
230,2018-03-27 02:30:00,4085,64
230,2018-03-27 03:00:00,4086,45
230,2018-03-27 03:30:00,4087,32
230,2018-03-27 04:00:00,4088,37
230,2018-03-27 04:30:00,4089,41
230,2018-03-27 05:00:00,4090,34
230,2018-03-27 05:30:00,4091,43
230,2018-03-27 06:00:00,4092,52
230,2018-03-27 06:30:00,4093,83
230,2018-03-27 07:00:00,4094,112
230,2018-03-27 07:30:00,4095,137
230,2018-03-27 08:00:00,4096,193
230,2018-03-27 08:30:00,4097,169
230,2018-03-27 09:00:00,4098,186
230,2018-03-27 09:30:00,4099,134
230,2018-03-27 10:00:00,4100,161
230,2018-03-27 10:30:00,4101,168
230,2018-03-27 11:00:00,4102,189
230,2018-03-27 11:30:00,4103,168
230,2018-03-27 12:00:00,4104,182
230,2018-03-27 12:30:00,4105,150
230,2018-03-27 13:00:00,4106,135
230,2018-03-27 13:30:00,4107,142
230,2018-03-27 14:00:00,4108,223
230,2018-03-27 14:30:00,4109,220
230,2018-03-27 15:00:00,4110,242
230,2018-03-27 15:30:00,4111,229
230,2018-03-27 16:00:00,4112,212
230,2018-03-27 16:30:00,4113,203
230,2018-03-27 17:00:00,4114,328
230,2018-03-27 17:30:00,4115,405
230,2018-03-27 18:00:00,4116,431
230,2018-03-27 18:30:00,4117,399
230,2018-03-27 19:00:00,4118,345
230,2018-03-27 19:30:00,4119,391
230,2018-03-27 20:00:00,4120,454
230,2018-03-27 20:30:00,4121,428
230,2018-03-27 21:00:00,4122,533
230,2018-03-27 21:30:00,4123,492
230,2018-03-27 22:00:00,4124,509
230,2018-03-27 22:30:00,4125,704
230,2018-03-27 23:00:00,4126,593
230,2018-03-27 23:30:00,4127,307
230,2018-03-28 00:00:00,4128,281
230,2018-03-28 00:30:00,4129,192
230,2018-03-28 01:00:00,4130,142
230,2018-03-28 01:30:00,4131,93
230,2018-03-28 02:00:00,4132,63
230,2018-03-28 02:30:00,4133,60
230,2018-03-28 03:00:00,4134,46
230,2018-03-28 03:30:00,4135,61
230,2018-03-28 04:00:00,4136,49
230,2018-03-28 04:30:00,4137,44
230,2018-03-28 05:00:00,4138,33
230,2018-03-28 05:30:00,4139,72
230,2018-03-28 06:00:00,4140,61
230,2018-03-28 06:30:00,4141,113
230,2018-03-28 07:00:00,4142,125
230,2018-03-28 07:30:00,4143,129
230,2018-03-28 08:00:00,4144,183
230,2018-03-28 08:30:00,4145,200
230,2018-03-28 09:00:00,4146,195
230,2018-03-28 09:30:00,4147,206
230,2018-03-28 10:00:00,4148,185
230,2018-03-28 10:30:00,4149,235
230,2018-03-28 11:00:00,4150,234
230,2018-03-28 11:30:00,4151,251
230,2018-03-28 12:00:00,4152,261
230,2018-03-28 12:30:00,4153,259
230,2018-03-28 13:00:00,4154,223
230,2018-03-28 13:30:00,4155,266
230,2018-03-28 14:00:00,4156,247
230,2018-03-28 14:30:00,4157,279
230,2018-03-28 15:00:00,4158,248
230,2018-03-28 15:30:00,4159,246
230,2018-03-28 16:00:00,4160,253
230,2018-03-28 16:30:00,4161,273
230,2018-03-28 17:00:00,4162,301
230,2018-03-28 17:30:00,4163,343
230,2018-03-28 18:00:00,4164,394
230,2018-03-28 18:30:00,4165,410
230,2018-03-28 19:00:00,4166,352
230,2018-03-28 19:30:00,4167,383
230,2018-03-28 20:00:00,4168,446
230,2018-03-28 20:30:00,4169,429
230,2018-03-28 21:00:00,4170,478
230,2018-03-28 21:30:00,4171,490
230,2018-03-28 22:00:00,4172,489
230,2018-03-28 22:30:00,4173,663
230,2018-03-28 23:00:00,4174,486
230,2018-03-28 23:30:00,4175,371
230,2018-03-29 00:00:00,4176,294
230,2018-03-29 00:30:00,4177,210
230,2018-03-29 01:00:00,4178,142
230,2018-03-29 01:30:00,4179,106
230,2018-03-29 02:00:00,4180,73
230,2018-03-29 02:30:00,4181,83
230,2018-03-29 03:00:00,4182,62
230,2018-03-29 03:30:00,4183,54
230,2018-03-29 04:00:00,4184,65
230,2018-03-29 04:30:00,4185,31
230,2018-03-29 05:00:00,4186,37
230,2018-03-29 05:30:00,4187,54
230,2018-03-29 06:00:00,4188,66
230,2018-03-29 06:30:00,4189,94
230,2018-03-29 07:00:00,4190,129
230,2018-03-29 07:30:00,4191,146
230,2018-03-29 08:00:00,4192,198
230,2018-03-29 08:30:00,4193,230
230,2018-03-29 09:00:00,4194,238
230,2018-03-29 09:30:00,4195,223
230,2018-03-29 10:00:00,4196,219
230,2018-03-29 10:30:00,4197,286
230,2018-03-29 11:00:00,4198,259
230,2018-03-29 11:30:00,4199,251
230,2018-03-29 12:00:00,4200,236
230,2018-03-29 12:30:00,4201,218
230,2018-03-29 13:00:00,4202,235
230,2018-03-29 13:30:00,4203,247
230,2018-03-29 14:00:00,4204,268
230,2018-03-29 14:30:00,4205,284
230,2018-03-29 15:00:00,4206,260
230,2018-03-29 15:30:00,4207,217
230,2018-03-29 16:00:00,4208,228
230,2018-03-29 16:30:00,4209,248
230,2018-03-29 17:00:00,4210,328
230,2018-03-29 17:30:00,4211,356
230,2018-03-29 18:00:00,4212,382
230,2018-03-29 18:30:00,4213,394
230,2018-03-29 19:00:00,4214,377
230,2018-03-29 19:30:00,4215,370
230,2018-03-29 20:00:00,4216,445
230,2018-03-29 20:30:00,4217,420
230,2018-03-29 21:00:00,4218,427
230,2018-03-29 21:30:00,4219,457
230,2018-03-29 22:00:00,4220,470
230,2018-03-29 22:30:00,4221,588
230,2018-03-29 23:00:00,4222,447
230,2018-03-29 23:30:00,4223,366
230,2018-03-30 00:00:00,4224,301
230,2018-03-30 00:30:00,4225,221
230,2018-03-30 01:00:00,4226,164
230,2018-03-30 01:30:00,4227,102
230,2018-03-30 02:00:00,4228,92
230,2018-03-30 02:30:00,4229,89
230,2018-03-30 03:00:00,4230,63
230,2018-03-30 03:30:00,4231,63
230,2018-03-30 04:00:00,4232,83
230,2018-03-30 04:30:00,4233,62
230,2018-03-30 05:00:00,4234,44
230,2018-03-30 05:30:00,4235,40
230,2018-03-30 06:00:00,4236,48
230,2018-03-30 06:30:00,4237,65
230,2018-03-30 07:00:00,4238,58
230,2018-03-30 07:30:00,4239,84
230,2018-03-30 08:00:00,4240,114
230,2018-03-30 08:30:00,4241,131
230,2018-03-30 09:00:00,4242,169
230,2018-03-30 09:30:00,4243,186
230,2018-03-30 10:00:00,4244,211
230,2018-03-30 10:30:00,4245,202
230,2018-03-30 11:00:00,4246,238
230,2018-03-30 11:30:00,4247,246
230,2018-03-30 12:00:00,4248,203
230,2018-03-30 12:30:00,4249,208
230,2018-03-30 13:00:00,4250,226
230,2018-03-30 13:30:00,4251,223
230,2018-03-30 14:00:00,4252,237
230,2018-03-30 14:30:00,4253,228
230,2018-03-30 15:00:00,4254,220
230,2018-03-30 15:30:00,4255,231
230,2018-03-30 16:00:00,4256,270
230,2018-03-30 16:30:00,4257,257
230,2018-03-30 17:00:00,4258,292
230,2018-03-30 17:30:00,4259,337
230,2018-03-30 18:00:00,4260,332
230,2018-03-30 18:30:00,4261,256
230,2018-03-30 19:00:00,4262,308
230,2018-03-30 19:30:00,4263,270
230,2018-03-30 20:00:00,4264,248
230,2018-03-30 20:30:00,4265,232
230,2018-03-30 21:00:00,4266,269
230,2018-03-30 21:30:00,4267,316
230,2018-03-30 22:00:00,4268,415
230,2018-03-30 22:30:00,4269,577
230,2018-03-30 23:00:00,4270,465
230,2018-03-30 23:30:00,4271,346
230,2018-03-31 00:00:00,4272,289
230,2018-03-31 00:30:00,4273,226
230,2018-03-31 01:00:00,4274,181
230,2018-03-31 01:30:00,4275,134
230,2018-03-31 02:00:00,4276,142
230,2018-03-31 02:30:00,4277,123
230,2018-03-31 03:00:00,4278,87
230,2018-03-31 03:30:00,4279,91
230,2018-03-31 04:00:00,4280,106
230,2018-03-31 04:30:00,4281,57
230,2018-03-31 05:00:00,4282,42
230,2018-03-31 05:30:00,4283,39
230,2018-03-31 06:00:00,4284,30
230,2018-03-31 06:30:00,4285,49
230,2018-03-31 07:00:00,4286,46
230,2018-03-31 07:30:00,4287,68
230,2018-03-31 08:00:00,4288,98
230,2018-03-31 08:30:00,4289,130
230,2018-03-31 09:00:00,4290,128
230,2018-03-31 09:30:00,4291,185
230,2018-03-31 10:00:00,4292,203
230,2018-03-31 10:30:00,4293,239
230,2018-03-31 11:00:00,4294,201
230,2018-03-31 11:30:00,4295,209
230,2018-03-31 12:00:00,4296,205
230,2018-03-31 12:30:00,4297,170
230,2018-03-31 13:00:00,4298,185
230,2018-03-31 13:30:00,4299,189
230,2018-03-31 14:00:00,4300,193
230,2018-03-31 14:30:00,4301,190
230,2018-03-31 15:00:00,4302,187
230,2018-03-31 15:30:00,4303,234
230,2018-03-31 16:00:00,4304,260
230,2018-03-31 16:30:00,4305,321
230,2018-03-31 17:00:00,4306,305
230,2018-03-31 17:30:00,4307,284
230,2018-03-31 18:00:00,4308,279
230,2018-03-31 18:30:00,4309,249
230,2018-03-31 19:00:00,4310,286
230,2018-03-31 19:30:00,4311,300
230,2018-03-31 20:00:00,4312,287
230,2018-03-31 20:30:00,4313,229
230,2018-03-31 21:00:00,4314,270
230,2018-03-31 21:30:00,4315,334
230,2018-03-31 22:00:00,4316,435
230,2018-03-31 22:30:00,4317,641
230,2018-03-31 23:00:00,4318,530
230,2018-03-31 23:30:00,4319,279
